timestamp,open,high,low,close,volume
2024-01-01 00:00:00+00:00,39970.84,40163.93,39740.06,39917.55,73.34
2024-01-01 01:00:00+00:00,39730.24,39844.05,39714.4,39818.01,59.69
2024-01-01 02:00:00+00:00,39779.07,39881.98,39576.82,39755.51,28.79
2024-01-01 03:00:00+00:00,39964.62,40388.66,39828.08,40178.1,55.88
2024-01-01 04:00:00+00:00,39946.41,40287.0,39921.32,40105.22,51.62
2024-01-01 05:00:00+00:00,39195.73,39341.43,39124.43,39208.46,99.32
2024-01-01 06:00:00+00:00,39070.89,39661.88,39069.21,39407.82,58.8
2024-01-01 07:00:00+00:00,39184.35,39338.98,39151.66,39253.74,63.84
2024-01-01 08:00:00+00:00,39092.92,39153.62,39092.0,39129.91,54.58
2024-01-01 09:00:00+00:00,39157.79,39341.8,39147.62,39201.85,63.84
2024-01-01 10:00:00+00:00,39290.63,39354.87,39102.29,39342.36,7.11
2024-01-01 11:00:00+00:00,40011.41,40084.6,39937.09,40032.95,49.0
2024-01-01 12:00:00+00:00,40471.28,40487.95,40411.02,40431.26,70.35
2024-01-01 13:00:00+00:00,40039.9,40684.72,39998.14,40502.33,66.8
2024-01-01 14:00:00+00:00,40187.48,40259.03,40031.09,40057.82,1.0
2024-01-01 15:00:00+00:00,39439.83,39478.58,39379.66,39452.15,54.57
2024-01-01 16:00:00+00:00,39670.6,39747.35,39538.18,39601.88,28.84
2024-01-01 17:00:00+00:00,40273.38,40438.23,40136.47,40384.65,48.96
2024-01-01 18:00:00+00:00,40448.09,40486.75,40357.13,40413.93,71.83
2024-01-01 19:00:00+00:00,40373.71,40587.28,40315.2,40353.51,10.35
2024-01-01 20:00:00+00:00,40697.78,40819.21,40635.53,40679.44,25.17
2024-01-01 21:00:00+00:00,39777.98,39856.01,39623.01,39796.56,64.84
2024-01-01 22:00:00+00:00,39681.97,39694.38,39533.17,39614.13,93.06
2024-01-01 23:00:00+00:00,40003.86,40063.72,39834.53,39909.47,56.23
2024-01-02 00:00:00+00:00,40394.86,40533.87,40197.71,40436.32,29.29
2024-01-02 01:00:00+00:00,40294.34,40362.41,40159.03,40294.41,66.22
2024-01-02 02:00:00+00:00,40412.82,40526.79,40118.21,40526.06,83.2
2024-01-02 03:00:00+00:00,40567.18,40735.34,40521.74,40681.0,76.36
2024-01-02 04:00:00+00:00,41062.26,41243.57,41040.26,41162.45,63.5
2024-01-02 05:00:00+00:00,40604.34,40639.21,40458.3,40479.23,17.44
2024-01-02 06:00:00+00:00,41000.12,41139.67,40371.12,40828.31,22.88
2024-01-02 07:00:00+00:00,39983.06,40092.24,39452.08,39904.86,59.44
2024-01-02 08:00:00+00:00,38314.19,38353.86,38220.42,38340.63,41.75
2024-01-02 09:00:00+00:00,37920.56,38156.81,37612.06,37995.43,51.94
2024-01-02 10:00:00+00:00,37508.37,37561.44,37416.77,37477.28,90.63
2024-01-02 11:00:00+00:00,37965.62,38033.67,37930.43,37973.49,75.46
2024-01-02 12:00:00+00:00,38468.92,38565.67,38132.16,38355.65,40.4
2024-01-02 13:00:00+00:00,37638.48,37690.81,37553.88,37658.11,54.75
2024-01-02 14:00:00+00:00,38141.15,38210.4,38005.56,38140.53,23.1
2024-01-02 15:00:00+00:00,37532.56,37589.23,37525.28,37570.97,91.48
2024-01-02 16:00:00+00:00,37599.12,37664.65,37460.85,37526.13,13.05
2024-01-02 17:00:00+00:00,37306.34,37387.69,37184.65,37364.45,57.06
2024-01-02 18:00:00+00:00,37459.72,37590.65,37424.66,37432.31,62.5
2024-01-02 19:00:00+00:00,37975.45,38006.23,37884.58,37895.71,52.75
2024-01-02 20:00:00+00:00,38272.14,38346.62,38095.29,38262.39,2.67
2024-01-02 21:00:00+00:00,38463.99,38467.63,38441.3,38467.03,40.93
2024-01-02 22:00:00+00:00,38878.7,38882.36,38835.98,38845.9,71.2
2024-01-02 23:00:00+00:00,39049.73,39323.82,38853.12,39128.6,32.51
2024-01-03 00:00:00+00:00,38756.41,38794.34,38738.16,38764.51,60.99
2024-01-03 01:00:00+00:00,38179.92,38603.62,38138.97,38351.26,1.14
2024-01-03 02:00:00+00:00,38083.12,38164.28,37966.87,38084.74,25.19
2024-01-03 03:00:00+00:00,38340.33,38402.69,38309.19,38373.8,71.16
2024-01-03 04:00:00+00:00,38070.24,38346.09,38034.74,38233.67,1.0
2024-01-03 05:00:00+00:00,39565.31,39603.94,39390.54,39577.06,82.7
2024-01-03 06:00:00+00:00,38990.57,39151.67,38962.93,39094.64,61.04
2024-01-03 07:00:00+00:00,38483.07,38701.08,38436.14,38454.15,13.58
2024-01-03 08:00:00+00:00,38870.58,38933.74,38676.52,38901.26,51.69
2024-01-03 09:00:00+00:00,39789.33,39951.29,39507.2,39734.82,35.21
2024-01-03 10:00:00+00:00,40113.03,40323.96,39758.14,40040.2,55.48
2024-01-03 11:00:00+00:00,40446.46,40608.15,40385.23,40546.2,57.54
2024-01-03 12:00:00+00:00,41430.78,41648.97,41332.57,41417.75,41.83
2024-01-03 13:00:00+00:00,41376.17,41384.53,41322.89,41363.47,41.3
2024-01-03 14:00:00+00:00,40463.08,40656.56,40264.05,40484.73,19.08
2024-01-03 15:00:00+00:00,40131.27,40224.94,40054.71,40165.66,1.0
2024-01-03 16:00:00+00:00,40591.94,40852.41,40468.51,40743.79,35.87
2024-01-03 17:00:00+00:00,39872.48,39882.93,39779.32,39865.55,54.43
2024-01-03 18:00:00+00:00,39847.59,40064.47,39626.73,39889.58,58.82
2024-01-03 19:00:00+00:00,40019.86,40178.64,39845.94,40045.1,60.25
2024-01-03 20:00:00+00:00,39773.1,39963.97,39697.8,39859.53,30.91
2024-01-03 21:00:00+00:00,40258.04,40395.49,40005.78,40296.17,24.55
2024-01-03 22:00:00+00:00,40695.77,40734.16,40614.8,40651.25,41.46
2024-01-03 23:00:00+00:00,42326.6,42400.51,41817.25,42070.84,4.7
2024-01-04 00:00:00+00:00,42277.42,42606.69,42223.18,42466.28,11.56
2024-01-04 01:00:00+00:00,42320.92,42528.73,42015.58,42082.34,26.36
2024-01-04 02:00:00+00:00,41751.99,41898.08,41663.72,41731.92,61.85
2024-01-04 03:00:00+00:00,41436.25,41580.17,41029.22,41215.55,8.81
2024-01-04 04:00:00+00:00,41790.45,41909.28,41573.58,41808.39,29.0
2024-01-04 05:00:00+00:00,41409.83,41548.04,41372.16,41457.1,61.98
2024-01-04 06:00:00+00:00,41409.1,41643.76,41340.37,41417.55,56.5
2024-01-04 07:00:00+00:00,41924.04,41951.06,41833.13,41887.21,40.43
2024-01-04 08:00:00+00:00,41089.31,41655.89,41067.08,41436.84,27.89
2024-01-04 09:00:00+00:00,41193.03,41559.23,41122.11,41258.46,67.83
2024-01-04 10:00:00+00:00,40202.01,40291.57,39822.58,40123.06,63.58
2024-01-04 11:00:00+00:00,39327.45,39658.24,39224.4,39475.58,69.95
2024-01-04 12:00:00+00:00,39242.19,39293.89,39088.3,39143.36,20.68
2024-01-04 13:00:00+00:00,39357.97,39468.16,39260.65,39391.38,92.33
2024-01-04 14:00:00+00:00,40184.48,40198.39,39935.31,40100.52,77.69
2024-01-04 15:00:00+00:00,40086.49,40115.2,40054.43,40093.43,74.03
2024-01-04 16:00:00+00:00,40529.63,40617.2,40176.6,40254.62,62.23
2024-01-04 17:00:00+00:00,40309.32,40477.02,40100.54,40360.07,10.54
2024-01-04 18:00:00+00:00,41255.21,41337.88,40782.46,41020.81,40.73
2024-01-04 19:00:00+00:00,41570.41,41918.87,41510.19,41574.6,103.72
2024-01-04 20:00:00+00:00,41702.62,42215.98,41556.1,41749.44,27.9
2024-01-04 21:00:00+00:00,41116.06,41178.16,41053.45,41120.52,51.38
2024-01-04 22:00:00+00:00,41285.6,41741.87,41011.94,41681.85,106.88
2024-01-04 23:00:00+00:00,41958.13,42009.62,41762.84,41924.26,19.32
2024-01-05 00:00:00+00:00,42771.83,42813.96,42566.45,42700.03,45.46
2024-01-05 01:00:00+00:00,42621.84,42795.18,42620.92,42685.14,23.78
2024-01-05 02:00:00+00:00,44050.56,44088.36,43859.27,43939.94,11.58
2024-01-05 03:00:00+00:00,43664.04,43814.13,43603.3,43707.8,47.89
2024-01-05 04:00:00+00:00,44727.35,44778.72,44690.18,44756.6,57.53
2024-01-05 05:00:00+00:00,44830.13,45076.8,44465.11,44838.36,84.81
2024-01-05 06:00:00+00:00,44539.13,44761.98,44468.01,44495.62,66.41
2024-01-05 07:00:00+00:00,43751.53,43928.66,43625.05,43746.9,37.75
2024-01-05 08:00:00+00:00,43696.28,43699.49,43572.87,43652.17,77.83
2024-01-05 09:00:00+00:00,44354.54,44700.9,43924.04,44588.5,46.57
2024-01-05 10:00:00+00:00,45204.99,45335.43,44977.39,45138.97,68.99
2024-01-05 11:00:00+00:00,45355.06,45630.65,45210.02,45609.92,54.49
2024-01-05 12:00:00+00:00,43944.27,44022.13,43681.39,43989.03,47.91
2024-01-05 13:00:00+00:00,44574.37,44661.58,44193.93,44462.55,58.64
2024-01-05 14:00:00+00:00,44733.9,45014.41,44490.45,44837.72,38.11
2024-01-05 15:00:00+00:00,44695.3,44768.32,44442.08,44472.34,41.64
2024-01-05 16:00:00+00:00,44019.89,44235.42,44010.02,44058.27,52.28
2024-01-05 17:00:00+00:00,44119.08,44122.39,43818.87,44061.14,37.77
2024-01-05 18:00:00+00:00,45319.58,45372.04,45159.41,45205.55,58.5
2024-01-05 19:00:00+00:00,44501.96,44689.54,44408.76,44494.63,1.0
2024-01-05 20:00:00+00:00,44330.7,44363.8,44064.29,44213.55,47.77
2024-01-05 21:00:00+00:00,45126.3,45599.31,44660.43,45121.11,94.08
2024-01-05 22:00:00+00:00,45084.24,45332.81,44815.74,44823.66,62.73
2024-01-05 23:00:00+00:00,44816.22,44924.09,44316.93,44583.24,66.16
2024-01-06 00:00:00+00:00,44617.22,44841.65,44597.69,44653.08,38.64
2024-01-06 01:00:00+00:00,43878.46,43985.01,43641.57,43826.14,34.16
2024-01-06 02:00:00+00:00,44001.88,44013.64,43923.15,43975.11,1.0
2024-01-06 03:00:00+00:00,43757.23,43793.97,43088.79,43181.61,119.11
2024-01-06 04:00:00+00:00,43770.04,44036.99,43617.71,43759.29,61.9
2024-01-06 05:00:00+00:00,43910.47,44078.97,43649.59,43765.76,45.94
2024-01-06 06:00:00+00:00,45214.86,45280.95,45210.1,45269.18,54.26
2024-01-06 07:00:00+00:00,45507.58,45678.07,45246.35,45464.4,71.72
2024-01-06 08:00:00+00:00,46170.5,46644.17,45889.9,46400.31,52.68
2024-01-06 09:00:00+00:00,45611.29,45794.02,45272.58,45497.87,45.36
2024-01-06 10:00:00+00:00,45389.8,45419.33,45307.62,45419.06,25.27
2024-01-06 11:00:00+00:00,45522.34,45645.11,45479.13,45643.76,42.64
2024-01-06 12:00:00+00:00,46869.32,47584.28,46583.53,46843.54,75.15
2024-01-06 13:00:00+00:00,45551.5,45800.12,45346.39,45667.12,84.09
2024-01-06 14:00:00+00:00,46231.63,46552.53,46200.74,46350.27,29.96
2024-01-06 15:00:00+00:00,46707.21,47177.27,46674.57,46766.05,70.93
2024-01-06 16:00:00+00:00,48241.01,48332.94,47714.5,47846.49,36.39
2024-01-06 17:00:00+00:00,48499.32,48900.41,48083.94,48362.56,16.19
2024-01-06 18:00:00+00:00,48325.01,48522.4,48293.17,48405.17,51.45
2024-01-06 19:00:00+00:00,48031.71,48084.9,47813.97,48031.25,42.01
2024-01-06 20:00:00+00:00,47068.79,47444.14,47033.38,47136.78,14.03
2024-01-06 21:00:00+00:00,47936.12,48149.97,47223.55,47279.67,20.05
2024-01-06 22:00:00+00:00,47186.06,47189.48,47065.79,47148.44,32.89
2024-01-06 23:00:00+00:00,48752.2,48789.06,48487.02,48581.94,29.2
2024-01-07 00:00:00+00:00,47877.04,48206.54,47803.75,48141.53,76.02
2024-01-07 01:00:00+00:00,48323.86,48431.89,48308.55,48377.71,45.51
2024-01-07 02:00:00+00:00,47191.44,47325.08,47127.78,47243.97,44.18
2024-01-07 03:00:00+00:00,47074.02,47177.86,46503.91,46968.45,30.74
2024-01-07 04:00:00+00:00,47007.46,47158.41,46822.35,47157.13,65.0
2024-01-07 05:00:00+00:00,47539.51,47888.21,47468.78,47744.68,43.83
2024-01-07 06:00:00+00:00,48856.07,48918.32,48735.9,48786.54,43.75
2024-01-07 07:00:00+00:00,48998.6,49085.83,48586.69,48759.12,23.09
2024-01-07 08:00:00+00:00,47988.37,48018.83,47933.89,47946.85,17.86
2024-01-07 09:00:00+00:00,48375.16,48443.45,48254.28,48280.94,24.19
2024-01-07 10:00:00+00:00,48756.17,49001.92,48655.96,48660.17,77.66
2024-01-07 11:00:00+00:00,48958.24,49099.64,48898.38,49023.9,14.22
2024-01-07 12:00:00+00:00,48526.31,48590.3,48476.1,48513.84,33.19
2024-01-07 13:00:00+00:00,49308.14,49359.93,49176.06,49343.47,36.56
2024-01-07 14:00:00+00:00,49448.86,49462.08,48925.25,49413.46,66.38
2024-01-07 15:00:00+00:00,49911.03,50113.03,49734.41,49937.11,41.72
2024-01-07 16:00:00+00:00,50726.04,50917.5,50705.51,50896.46,43.85
2024-01-07 17:00:00+00:00,51559.01,51611.55,51221.45,51366.69,37.48
2024-01-07 18:00:00+00:00,51582.09,51716.07,51398.83,51592.59,33.71
2024-01-07 19:00:00+00:00,53311.42,53681.12,52943.54,53263.77,50.33
2024-01-07 20:00:00+00:00,53480.53,53484.62,53409.79,53463.81,1.0
2024-01-07 21:00:00+00:00,53181.78,53255.55,53177.85,53231.8,72.77
2024-01-07 22:00:00+00:00,53681.12,53877.85,53308.84,53326.53,19.52
2024-01-07 23:00:00+00:00,54553.25,54580.06,54351.98,54517.93,28.25
2024-01-08 00:00:00+00:00,54353.1,54685.81,54161.08,54620.46,23.64
2024-01-08 01:00:00+00:00,54956.52,55260.67,54932.38,55051.45,79.84
2024-01-08 02:00:00+00:00,56168.41,56520.67,56031.62,56044.36,87.67
2024-01-08 03:00:00+00:00,55293.93,55647.59,55064.09,55618.82,96.13
2024-01-08 04:00:00+00:00,54233.92,54252.57,53947.12,54183.93,50.52
2024-01-08 05:00:00+00:00,54135.46,54613.96,54112.75,54432.71,48.31
2024-01-08 06:00:00+00:00,54603.49,54785.92,54439.27,54625.73,17.11
2024-01-08 07:00:00+00:00,54100.55,54231.66,53892.83,54133.0,47.83
2024-01-08 08:00:00+00:00,54983.17,55283.56,54131.24,54845.73,43.11
2024-01-08 09:00:00+00:00,55473.31,55589.78,55189.89,55351.05,22.83
2024-01-08 10:00:00+00:00,54285.95,54684.82,54053.34,54530.48,17.81
2024-01-08 11:00:00+00:00,55337.8,55641.61,54535.55,54959.81,27.6
2024-01-08 12:00:00+00:00,54784.15,54827.81,54744.72,54803.64,92.76
2024-01-08 13:00:00+00:00,53643.36,53686.2,53532.42,53589.99,17.62
2024-01-08 14:00:00+00:00,54018.6,54102.23,53876.8,53959.45,14.99
2024-01-08 15:00:00+00:00,53703.04,54281.71,53684.17,53928.25,80.25
2024-01-08 16:00:00+00:00,53292.72,53452.68,53289.63,53330.77,44.42
2024-01-08 17:00:00+00:00,53841.67,53896.29,53653.55,53754.44,26.08
2024-01-08 18:00:00+00:00,54439.02,54636.1,53890.04,54153.37,62.6
2024-01-08 19:00:00+00:00,53705.32,53745.47,53626.61,53689.65,71.38
2024-01-08 20:00:00+00:00,54026.63,54248.82,53980.09,54017.44,69.49
2024-01-08 21:00:00+00:00,54860.05,54976.99,54557.98,54845.31,84.08
2024-01-08 22:00:00+00:00,54295.15,54523.67,53937.62,54264.5,56.67
2024-01-08 23:00:00+00:00,54761.8,54771.93,54398.01,54579.96,43.63
2024-01-09 00:00:00+00:00,54430.68,54654.12,54372.26,54587.67,43.91
2024-01-09 01:00:00+00:00,56558.59,56685.27,56066.11,56448.58,97.37
2024-01-09 02:00:00+00:00,54846.51,54897.9,54738.98,54877.36,1.0
2024-01-09 03:00:00+00:00,55827.56,55987.73,55167.95,55455.17,1.0
2024-01-09 04:00:00+00:00,55183.9,55263.14,54985.94,55205.98,34.62
2024-01-09 05:00:00+00:00,55167.85,55373.48,55115.78,55128.52,78.53
2024-01-09 06:00:00+00:00,57103.99,57346.53,56548.27,56706.51,72.49
2024-01-09 07:00:00+00:00,56844.73,57002.68,56524.28,56704.89,40.33
2024-01-09 08:00:00+00:00,58561.45,59026.51,58535.68,58616.65,16.01
2024-01-09 09:00:00+00:00,57833.78,58473.61,57830.45,58233.75,75.34
2024-01-09 10:00:00+00:00,58681.92,59185.79,58336.22,58545.75,97.1
2024-01-09 11:00:00+00:00,58341.89,58357.36,57928.65,58120.55,52.35
2024-01-09 12:00:00+00:00,57652.52,57703.42,57150.52,57524.21,77.64
2024-01-09 13:00:00+00:00,57743.17,57784.38,57133.67,57583.88,41.22
2024-01-09 14:00:00+00:00,57468.89,57497.66,57253.32,57345.57,75.24
2024-01-09 15:00:00+00:00,57665.32,58102.4,57236.23,57525.48,49.55
2024-01-09 16:00:00+00:00,56302.81,56371.85,55438.38,55714.84,52.44
2024-01-09 17:00:00+00:00,57418.72,57421.31,57269.47,57393.92,45.07
2024-01-09 18:00:00+00:00,56972.81,57441.32,56415.46,57255.89,1.0
2024-01-09 19:00:00+00:00,58605.57,58785.03,58562.7,58758.49,27.39
2024-01-09 20:00:00+00:00,57876.19,58007.66,57764.68,57876.72,49.27
2024-01-09 21:00:00+00:00,58223.65,58322.88,58093.29,58136.47,5.94
2024-01-09 22:00:00+00:00,60882.49,60910.92,60713.29,60902.27,87.37
2024-01-09 23:00:00+00:00,60298.78,60453.17,59986.38,60113.83,48.98
2024-01-10 00:00:00+00:00,58692.01,58835.97,58623.14,58771.52,50.24
2024-01-10 01:00:00+00:00,58509.73,58522.18,58251.28,58295.61,91.68
2024-01-10 02:00:00+00:00,58275.92,58865.39,58269.1,58714.6,28.15
2024-01-10 03:00:00+00:00,59350.71,59705.92,59193.49,59331.11,54.77
2024-01-10 04:00:00+00:00,60729.48,60781.53,60285.32,60485.42,43.79
2024-01-10 05:00:00+00:00,59981.84,60507.34,59761.9,60258.29,87.44
2024-01-10 06:00:00+00:00,58718.65,58971.55,58679.66,58816.08,73.71
2024-01-10 07:00:00+00:00,58549.21,58836.12,58199.63,58438.16,34.02
2024-01-10 08:00:00+00:00,59749.89,59894.61,59463.77,59531.15,53.72
2024-01-10 09:00:00+00:00,59954.42,60174.53,59934.79,59952.92,1.0
2024-01-10 10:00:00+00:00,58095.13,58627.8,58050.0,58199.06,41.79
2024-01-10 11:00:00+00:00,58056.68,58215.03,57844.44,58174.28,41.25
2024-01-10 12:00:00+00:00,59378.56,59556.04,59186.02,59400.16,62.63
2024-01-10 13:00:00+00:00,61314.83,61439.52,61184.86,61300.86,44.55
2024-01-10 14:00:00+00:00,61732.06,61945.94,61506.53,61823.46,41.69
2024-01-10 15:00:00+00:00,61985.71,62145.2,61568.86,62116.48,60.62
2024-01-10 16:00:00+00:00,61212.66,61412.7,60625.75,60967.13,43.29
2024-01-10 17:00:00+00:00,60244.76,60245.37,60140.93,60202.08,57.52
2024-01-10 18:00:00+00:00,60344.98,60354.91,60204.94,60250.46,75.13
2024-01-10 19:00:00+00:00,60770.24,60772.91,60649.75,60711.26,7.7
2024-01-10 20:00:00+00:00,61437.1,61440.3,60991.9,61245.68,12.68
2024-01-10 21:00:00+00:00,61016.52,61225.62,60566.57,60812.49,36.58
2024-01-10 22:00:00+00:00,59786.14,59963.59,59451.42,59767.78,40.96
2024-01-10 23:00:00+00:00,59090.7,59227.82,58723.96,59076.46,42.89
2024-01-11 00:00:00+00:00,58033.9,58061.26,58033.26,58057.12,38.81
2024-01-11 01:00:00+00:00,58906.47,59041.71,58276.06,58623.24,41.51
2024-01-11 02:00:00+00:00,56408.0,56599.88,56334.98,56595.8,87.11
2024-01-11 03:00:00+00:00,56165.2,56491.93,55929.34,56318.53,79.64
2024-01-11 04:00:00+00:00,56129.08,56763.44,56119.0,56704.21,53.14
2024-01-11 05:00:00+00:00,57981.4,58133.15,57621.7,58004.45,57.07
2024-01-11 06:00:00+00:00,58169.41,58527.11,57928.67,58072.29,51.72
2024-01-11 07:00:00+00:00,59021.09,59155.61,58884.45,58950.3,43.56
2024-01-11 08:00:00+00:00,58559.33,58734.99,58080.72,58603.37,35.84
2024-01-11 09:00:00+00:00,57978.79,58309.93,57835.67,57954.86,30.57
2024-01-11 10:00:00+00:00,57175.08,57636.36,57044.18,57374.39,47.23
2024-01-11 11:00:00+00:00,58734.09,58793.47,58121.9,58694.58,33.65
2024-01-11 12:00:00+00:00,59572.44,59796.74,59352.04,59575.78,108.68
2024-01-11 13:00:00+00:00,59886.54,60141.19,59767.41,60017.29,11.36
2024-01-11 14:00:00+00:00,63023.67,63176.35,62931.5,63021.4,50.79
2024-01-11 15:00:00+00:00,63203.96,63353.79,62841.42,62997.13,32.84
2024-01-11 16:00:00+00:00,63435.87,63831.86,62926.98,63589.63,81.26
2024-01-11 17:00:00+00:00,63779.71,63971.36,63730.79,63889.39,63.92
2024-01-11 18:00:00+00:00,63963.95,64118.09,63109.81,63683.13,83.56
2024-01-11 19:00:00+00:00,66066.61,66192.44,65806.84,65902.02,68.4
2024-01-11 20:00:00+00:00,67165.58,67944.96,66984.94,67397.93,52.95
2024-01-11 21:00:00+00:00,66403.24,66518.07,65638.32,65989.84,39.68
2024-01-11 22:00:00+00:00,64904.28,66010.44,64887.06,65600.65,109.03
2024-01-11 23:00:00+00:00,65682.61,66353.57,65065.94,66028.7,116.18
2024-01-12 00:00:00+00:00,66453.81,66832.16,66356.54,66810.99,77.29
2024-01-12 01:00:00+00:00,65555.0,65677.2,65415.16,65466.31,25.84
2024-01-12 02:00:00+00:00,63245.15,63414.02,63067.39,63257.9,38.61
2024-01-12 03:00:00+00:00,61402.28,61457.73,61111.73,61455.34,46.7
2024-01-12 04:00:00+00:00,61412.16,61649.6,61244.46,61395.93,33.67
2024-01-12 05:00:00+00:00,61375.15,61390.02,61162.07,61307.03,65.42
2024-01-12 06:00:00+00:00,61543.99,61912.23,61477.78,61630.62,38.24
2024-01-12 07:00:00+00:00,61034.25,61186.32,60746.04,60925.25,24.54
2024-01-12 08:00:00+00:00,59850.22,59904.36,59600.92,59812.54,85.03
2024-01-12 09:00:00+00:00,58036.44,58090.27,57827.75,58003.47,50.9
2024-01-12 10:00:00+00:00,58197.96,58521.71,57888.98,58295.68,77.08
2024-01-12 11:00:00+00:00,58569.34,58807.83,58560.99,58625.1,43.24
2024-01-12 12:00:00+00:00,59582.37,59913.49,58915.49,59504.18,52.32
2024-01-12 13:00:00+00:00,60399.49,60525.18,60095.97,60215.96,34.84
2024-01-12 14:00:00+00:00,60169.7,60405.58,60029.26,60049.72,22.64
2024-01-12 15:00:00+00:00,61286.45,61577.43,61009.26,61271.07,30.8
2024-01-12 16:00:00+00:00,61140.55,61538.81,61135.78,61151.86,30.3
2024-01-12 17:00:00+00:00,60577.66,60596.41,60496.07,60551.81,49.34
2024-01-12 18:00:00+00:00,60268.87,60335.05,59601.64,60085.03,58.8
2024-01-12 19:00:00+00:00,59553.28,59647.45,59448.59,59563.97,63.14
2024-01-12 20:00:00+00:00,57545.13,57725.47,57426.45,57634.92,32.18
2024-01-12 21:00:00+00:00,57199.03,57986.87,56969.18,57775.84,19.79
2024-01-12 22:00:00+00:00,57967.95,58224.78,57483.05,57998.17,76.54
2024-01-12 23:00:00+00:00,57793.25,58067.51,57454.35,57688.81,63.53
2024-01-13 00:00:00+00:00,57071.94,57113.78,57063.29,57076.87,23.33
2024-01-13 01:00:00+00:00,57389.85,57401.17,57321.44,57400.9,18.46
2024-01-13 02:00:00+00:00,58702.72,59182.89,58681.38,58884.89,62.08
2024-01-13 03:00:00+00:00,58708.64,59500.27,58669.98,58924.57,31.56
2024-01-13 04:00:00+00:00,58986.77,59076.91,58181.61,58481.78,44.04
2024-01-13 05:00:00+00:00,57988.05,57997.92,57741.73,57968.79,40.6
2024-01-13 06:00:00+00:00,58136.15,58327.12,57662.38,57913.93,41.97
2024-01-13 07:00:00+00:00,56859.39,56888.81,56710.85,56821.01,65.81
2024-01-13 08:00:00+00:00,56614.69,57183.33,56332.43,56719.93,50.48
2024-01-13 09:00:00+00:00,56628.82,56933.45,56323.22,56777.66,47.1
2024-01-13 10:00:00+00:00,58387.44,58450.06,58338.81,58354.38,62.06
2024-01-13 11:00:00+00:00,59224.05,59415.28,59098.3,59186.06,1.0
2024-01-13 12:00:00+00:00,60059.97,60120.85,60037.07,60109.98,79.01
2024-01-13 13:00:00+00:00,59232.02,59489.24,59036.51,59473.16,96.83
2024-01-13 14:00:00+00:00,59727.89,60265.55,59677.5,60076.74,17.14
2024-01-13 15:00:00+00:00,59087.5,59414.19,59027.93,59055.99,39.93
2024-01-13 16:00:00+00:00,59306.09,59438.55,58929.78,59338.25,45.17
2024-01-13 17:00:00+00:00,59599.49,59846.36,59460.67,59716.89,50.7
2024-01-13 18:00:00+00:00,58913.09,59055.84,58880.17,59036.34,19.83
2024-01-13 19:00:00+00:00,60818.07,60934.98,60754.03,60812.79,53.15
2024-01-13 20:00:00+00:00,61294.04,61681.69,61107.87,61336.42,34.4
2024-01-13 21:00:00+00:00,59729.79,59755.38,59496.48,59591.96,56.82
2024-01-13 22:00:00+00:00,60286.02,60780.01,59625.92,60092.11,61.85
2024-01-13 23:00:00+00:00,59774.65,59986.73,59568.32,59730.88,66.21
2024-01-14 00:00:00+00:00,59790.46,60032.23,59614.59,59738.09,40.05
2024-01-14 01:00:00+00:00,60167.96,60173.33,60159.01,60161.42,68.81
2024-01-14 02:00:00+00:00,60438.52,60685.8,60408.9,60519.86,29.48
2024-01-14 03:00:00+00:00,59176.85,59348.32,58473.15,58674.78,80.25
2024-01-14 04:00:00+00:00,57720.75,57785.93,57432.72,57661.18,92.94
2024-01-14 05:00:00+00:00,58903.66,58944.67,58166.95,58335.21,66.59
2024-01-14 06:00:00+00:00,59546.63,59558.13,59233.56,59479.63,70.35
2024-01-14 07:00:00+00:00,61161.0,61233.14,61063.04,61183.56,22.67
2024-01-14 08:00:00+00:00,62800.46,62859.06,62539.69,62844.54,40.38
2024-01-14 09:00:00+00:00,60793.42,61006.46,60537.58,60913.14,36.92
2024-01-14 10:00:00+00:00,61760.05,61784.31,61268.18,61622.3,11.89
2024-01-14 11:00:00+00:00,59864.25,59969.37,59627.14,59857.17,57.82
2024-01-14 12:00:00+00:00,61112.83,61541.34,60816.11,61311.94,14.59
2024-01-14 13:00:00+00:00,61546.0,61552.98,61528.46,61551.07,86.61
2024-01-14 14:00:00+00:00,60531.11,60532.45,60388.59,60503.63,24.91
2024-01-14 15:00:00+00:00,62146.18,62374.81,61633.2,62333.77,47.66
2024-01-14 16:00:00+00:00,63038.22,63477.94,62791.38,62942.12,74.57
2024-01-14 17:00:00+00:00,61321.79,61394.55,61079.64,61162.92,41.96
2024-01-14 18:00:00+00:00,61455.46,61596.07,61197.73,61438.28,118.93
2024-01-14 19:00:00+00:00,60917.39,61010.0,60635.54,60770.62,27.32
2024-01-14 20:00:00+00:00,60813.17,61193.66,60809.12,60878.15,48.36
2024-01-14 21:00:00+00:00,60498.95,60820.32,60063.75,60459.44,46.12
2024-01-14 22:00:00+00:00,61911.46,62000.79,61608.39,61711.09,24.99
2024-01-14 23:00:00+00:00,60385.54,60587.76,60361.93,60399.78,54.61
2024-01-15 00:00:00+00:00,60425.91,61363.07,60302.85,60693.38,62.87
2024-01-15 01:00:00+00:00,62260.73,62413.85,62220.79,62351.09,75.5
2024-01-15 02:00:00+00:00,61715.38,61932.04,61546.41,61583.9,42.81
2024-01-15 03:00:00+00:00,61659.29,62040.39,61609.73,61784.64,93.32
2024-01-15 04:00:00+00:00,62037.59,62239.37,61614.41,61978.03,86.82
2024-01-15 05:00:00+00:00,61458.13,62099.86,61335.77,61343.03,65.47
2024-01-15 06:00:00+00:00,61893.42,62671.98,61658.42,61945.32,36.79
2024-01-15 07:00:00+00:00,61841.47,62152.99,61832.11,62041.7,29.46
2024-01-15 08:00:00+00:00,61205.79,61322.47,61036.36,61169.61,20.09
2024-01-15 09:00:00+00:00,63019.97,63107.8,62648.59,62792.45,90.17
2024-01-15 10:00:00+00:00,63655.68,63680.31,63487.96,63544.34,58.57
2024-01-15 11:00:00+00:00,63582.72,63651.16,63152.9,63391.42,55.14
2024-01-15 12:00:00+00:00,63024.6,63233.83,62714.7,62792.36,24.56
2024-01-15 13:00:00+00:00,62091.41,62325.51,61713.71,62059.86,89.46
2024-01-15 14:00:00+00:00,62949.34,63404.75,62756.54,63211.95,42.09
2024-01-15 15:00:00+00:00,63032.99,63166.84,62974.14,63079.38,59.34
2024-01-15 16:00:00+00:00,63404.21,63719.86,63074.6,63520.4,38.14
2024-01-15 17:00:00+00:00,63349.76,63435.79,63199.78,63351.0,60.7
2024-01-15 18:00:00+00:00,64103.21,64103.27,63511.56,63943.09,22.71
2024-01-15 19:00:00+00:00,63797.85,63963.46,63661.8,63838.24,66.77
2024-01-15 20:00:00+00:00,64479.14,64863.49,64475.42,64576.07,80.05
2024-01-15 21:00:00+00:00,64438.62,64852.72,64032.76,64405.07,43.32
2024-01-15 22:00:00+00:00,65276.56,65347.77,64903.02,65212.95,39.64
2024-01-15 23:00:00+00:00,65492.88,65886.9,65330.3,65877.2,58.15
2024-01-16 00:00:00+00:00,65443.64,65832.07,65365.08,65768.55,10.29
2024-01-16 01:00:00+00:00,64906.66,65068.63,64885.98,64926.94,18.58
2024-01-16 02:00:00+00:00,64296.57,64434.44,63654.24,64017.84,18.85
2024-01-16 03:00:00+00:00,63330.68,63749.98,62825.69,63312.94,60.3
2024-01-16 04:00:00+00:00,62502.84,62529.01,62375.0,62384.31,50.18
2024-01-16 05:00:00+00:00,63068.33,63466.39,62855.33,63200.73,49.88
2024-01-16 06:00:00+00:00,63298.41,63301.12,62852.68,63162.87,52.95
2024-01-16 07:00:00+00:00,64635.0,64891.44,64496.53,64656.77,19.1
2024-01-16 08:00:00+00:00,66510.23,66989.37,66414.87,66873.84,60.9
2024-01-16 09:00:00+00:00,66945.8,67079.5,66873.55,66904.83,58.43
2024-01-16 10:00:00+00:00,65113.77,65436.87,64959.15,65357.97,44.12
2024-01-16 11:00:00+00:00,65243.25,65248.0,64920.71,64990.54,99.1
2024-01-16 12:00:00+00:00,64978.79,64986.0,64792.46,64923.59,62.46
2024-01-16 13:00:00+00:00,63012.45,64173.96,62843.65,63480.55,47.63
2024-01-16 14:00:00+00:00,63310.43,63408.11,63069.66,63248.38,70.04
2024-01-16 15:00:00+00:00,63730.89,64000.65,63362.28,63526.94,24.07
2024-01-16 16:00:00+00:00,62935.24,63133.78,62771.48,63095.5,15.61
2024-01-16 17:00:00+00:00,62281.61,62852.72,62061.46,62374.55,66.62
2024-01-16 18:00:00+00:00,61924.17,61943.46,61555.63,61670.88,49.18
2024-01-16 19:00:00+00:00,63323.34,63349.55,63252.13,63329.84,9.85
2024-01-16 20:00:00+00:00,63268.72,63635.39,63064.06,63184.52,78.5
2024-01-16 21:00:00+00:00,62383.61,62553.76,62337.87,62404.25,75.95
2024-01-16 22:00:00+00:00,61701.12,62129.14,61482.82,62061.44,21.49
2024-01-16 23:00:00+00:00,62995.33,63147.39,62668.38,62956.06,52.11
2024-01-17 00:00:00+00:00,62413.28,62451.94,62273.04,62315.78,37.54
2024-01-17 01:00:00+00:00,62560.59,62813.03,62560.42,62772.41,28.96
2024-01-17 02:00:00+00:00,63588.58,63670.04,63408.44,63464.06,74.48
2024-01-17 03:00:00+00:00,63984.49,64526.31,63779.98,64183.53,98.84
2024-01-17 04:00:00+00:00,65460.68,65677.88,65332.11,65537.51,62.37
2024-01-17 05:00:00+00:00,65014.29,65114.02,64782.19,65002.91,62.94
2024-01-17 06:00:00+00:00,66005.37,66161.87,65633.67,66113.87,78.46
2024-01-17 07:00:00+00:00,65285.61,65336.74,65176.97,65334.2,63.26
2024-01-17 08:00:00+00:00,65355.37,65452.16,64922.91,64952.12,76.12
2024-01-17 09:00:00+00:00,66081.07,66149.7,66038.46,66123.94,57.07
2024-01-17 10:00:00+00:00,66846.04,66965.0,66791.76,66946.24,59.96
2024-01-17 11:00:00+00:00,66900.2,67078.68,66872.79,66955.04,8.64
2024-01-17 12:00:00+00:00,65858.13,65947.56,65757.07,65765.17,86.18
2024-01-17 13:00:00+00:00,66158.22,66351.38,65832.01,66325.81,64.71
2024-01-17 14:00:00+00:00,65753.88,65901.83,65429.8,65705.29,56.78
2024-01-17 15:00:00+00:00,64684.6,64907.64,64364.22,64801.3,74.65
2024-01-17 16:00:00+00:00,63994.83,64793.16,63628.56,64177.78,62.85
2024-01-17 17:00:00+00:00,64400.11,64621.19,64068.48,64421.49,66.03
2024-01-17 18:00:00+00:00,62565.26,62801.06,62039.26,62378.33,71.14
2024-01-17 19:00:00+00:00,62854.17,63097.54,62601.36,62722.13,78.62
2024-01-17 20:00:00+00:00,62643.38,62895.58,62628.82,62892.02,99.83
2024-01-17 21:00:00+00:00,62502.41,62810.86,62194.48,62346.88,50.39
2024-01-17 22:00:00+00:00,63633.31,63645.32,63106.85,63322.85,108.08
2024-01-17 23:00:00+00:00,63759.81,63971.28,63481.34,63909.95,86.61
2024-01-18 00:00:00+00:00,63492.71,63653.48,62975.91,63335.13,91.14
2024-01-18 01:00:00+00:00,62658.71,62856.75,62588.33,62704.93,50.98
2024-01-18 02:00:00+00:00,63444.77,63473.46,63337.33,63365.04,14.85
2024-01-18 03:00:00+00:00,61847.41,61948.48,61609.52,61930.39,49.83
2024-01-18 04:00:00+00:00,61759.5,61959.63,61438.39,61627.59,46.3
2024-01-18 05:00:00+00:00,61220.31,61309.41,60845.18,61050.4,48.8
2024-01-18 06:00:00+00:00,61283.23,61416.8,61051.54,61120.5,69.14
2024-01-18 07:00:00+00:00,61494.58,61719.84,60885.67,61320.17,65.63
2024-01-18 08:00:00+00:00,61285.76,61420.51,61273.05,61360.14,24.82
2024-01-18 09:00:00+00:00,62458.83,62548.03,62202.7,62410.8,36.41
2024-01-18 10:00:00+00:00,62591.04,62639.81,62472.86,62630.54,45.51
2024-01-18 11:00:00+00:00,62401.41,62518.75,61978.02,62340.88,41.15
2024-01-18 12:00:00+00:00,61060.31,61248.62,61032.94,61214.83,53.84
2024-01-18 13:00:00+00:00,61500.74,62123.92,61481.89,61883.77,21.88
2024-01-18 14:00:00+00:00,62167.96,62467.48,62147.52,62380.21,42.31
2024-01-18 15:00:00+00:00,63691.35,64150.21,63433.1,63743.98,62.83
2024-01-18 16:00:00+00:00,63184.95,63443.39,63034.67,63035.67,49.63
2024-01-18 17:00:00+00:00,62752.03,63213.83,62615.33,63066.95,32.06
2024-01-18 18:00:00+00:00,63098.49,63112.15,63012.49,63017.73,50.97
2024-01-18 19:00:00+00:00,63262.94,63296.56,62808.11,62941.22,59.56
2024-01-18 20:00:00+00:00,63158.7,63207.01,62645.6,62957.32,48.47
2024-01-18 21:00:00+00:00,61535.64,61663.75,61205.72,61344.48,73.34
2024-01-18 22:00:00+00:00,62038.21,62126.39,61985.79,62109.74,1.0
2024-01-18 23:00:00+00:00,62728.49,62733.17,62481.19,62724.5,90.78
2024-01-19 00:00:00+00:00,63829.8,63909.97,63760.1,63794.4,40.27
2024-01-19 01:00:00+00:00,65764.58,66576.97,65758.05,65953.43,78.06
2024-01-19 02:00:00+00:00,65403.38,65773.43,65241.82,65644.47,29.98
2024-01-19 03:00:00+00:00,65739.75,65870.76,65294.62,65615.45,34.12
2024-01-19 04:00:00+00:00,65652.88,65868.65,64967.79,65631.64,50.09
2024-01-19 05:00:00+00:00,67427.69,67588.43,67342.49,67550.24,59.75
2024-01-19 06:00:00+00:00,66116.81,66162.36,65232.93,65802.83,86.59
2024-01-19 07:00:00+00:00,66010.39,66293.34,65977.56,66288.88,17.25
2024-01-19 08:00:00+00:00,64925.98,65067.93,64788.48,64833.01,129.16
2024-01-19 09:00:00+00:00,62685.59,62718.87,62296.07,62328.93,39.27
2024-01-19 10:00:00+00:00,60584.9,60738.25,60225.64,60445.82,2.86
2024-01-19 11:00:00+00:00,59176.95,59775.04,59084.79,59199.03,55.7
2024-01-19 12:00:00+00:00,60136.5,60204.71,60046.88,60154.23,1.0
2024-01-19 13:00:00+00:00,59459.46,59681.08,59357.54,59376.71,69.38
2024-01-19 14:00:00+00:00,59170.67,59324.34,58743.67,59180.07,41.74
2024-01-19 15:00:00+00:00,58279.13,58363.93,57978.57,58153.13,57.61
2024-01-19 16:00:00+00:00,58643.71,58838.85,58605.32,58691.88,25.04
2024-01-19 17:00:00+00:00,57164.27,57790.01,57000.3,57727.6,35.53
2024-01-19 18:00:00+00:00,58694.46,58957.1,58658.68,58874.35,70.87
2024-01-19 19:00:00+00:00,57819.54,58372.36,57796.31,58003.21,15.74
2024-01-19 20:00:00+00:00,57156.35,57474.93,57124.37,57343.57,50.26
2024-01-19 21:00:00+00:00,57206.5,57724.25,57024.43,57454.88,46.82
2024-01-19 22:00:00+00:00,57508.57,57554.03,57477.7,57481.93,10.35
2024-01-19 23:00:00+00:00,58831.96,58860.3,58715.78,58716.08,77.84
2024-01-20 00:00:00+00:00,58846.23,58857.13,58792.89,58828.0,63.15
2024-01-20 01:00:00+00:00,57732.59,57784.78,57643.6,57768.07,28.41
2024-01-20 02:00:00+00:00,57127.17,57520.88,56989.69,57288.3,52.02
2024-01-20 03:00:00+00:00,56512.77,56856.88,56238.61,56801.83,71.26
2024-01-20 04:00:00+00:00,57704.91,57855.24,56974.29,57425.26,46.38
2024-01-20 05:00:00+00:00,57731.86,57835.96,57591.67,57761.59,53.68
2024-01-20 06:00:00+00:00,57415.09,57789.76,57403.71,57663.93,43.73
2024-01-20 07:00:00+00:00,58438.08,58586.19,58380.52,58421.87,65.7
2024-01-20 08:00:00+00:00,57980.41,58021.8,57913.11,57964.57,50.55
2024-01-20 09:00:00+00:00,57574.29,58093.75,57540.55,57851.92,66.61
2024-01-20 10:00:00+00:00,57896.44,58043.88,57859.7,58014.57,72.86
2024-01-20 11:00:00+00:00,59466.6,59590.54,58986.38,59350.22,17.05
2024-01-20 12:00:00+00:00,59431.7,59784.47,59234.03,59268.43,22.33
2024-01-20 13:00:00+00:00,58817.12,59056.21,58665.3,58962.49,34.6
2024-01-20 14:00:00+00:00,57887.56,58151.97,57813.4,58043.41,84.43
2024-01-20 15:00:00+00:00,58413.02,58956.66,57801.38,58646.53,77.79
2024-01-20 16:00:00+00:00,58224.06,58257.01,56990.96,58135.44,79.56
2024-01-20 17:00:00+00:00,58667.04,58692.46,58385.2,58440.96,95.77
2024-01-20 18:00:00+00:00,56720.23,57673.87,56452.17,56779.82,75.46
2024-01-20 19:00:00+00:00,57979.65,58097.4,57336.6,57673.98,87.8
2024-01-20 20:00:00+00:00,56598.59,56697.08,56188.85,56527.48,32.1
2024-01-20 21:00:00+00:00,56406.51,56459.62,55446.96,55874.01,56.84
2024-01-20 22:00:00+00:00,56714.77,57103.29,56624.68,56766.81,101.5
2024-01-20 23:00:00+00:00,55535.66,55679.45,55397.26,55636.18,51.05
2024-01-21 00:00:00+00:00,55527.89,55745.99,55466.81,55575.43,49.09
2024-01-21 01:00:00+00:00,55501.96,55644.6,55480.56,55642.89,41.73
2024-01-21 02:00:00+00:00,54828.38,54941.68,54214.07,54815.02,47.65
2024-01-21 03:00:00+00:00,55844.99,55977.38,55390.65,55924.69,21.11
2024-01-21 04:00:00+00:00,57479.86,57511.02,56721.02,57187.57,8.2
2024-01-21 05:00:00+00:00,55573.66,55974.29,55400.51,55502.01,57.04
2024-01-21 06:00:00+00:00,54393.75,54405.26,54181.04,54301.23,66.53
2024-01-21 07:00:00+00:00,55615.82,55640.07,54864.32,54964.98,37.53
2024-01-21 08:00:00+00:00,53941.71,54111.3,53315.15,53896.16,55.58
2024-01-21 09:00:00+00:00,53797.58,53939.6,53483.68,53587.36,69.09
2024-01-21 10:00:00+00:00,53967.6,53999.01,53385.66,53696.86,73.64
2024-01-21 11:00:00+00:00,53582.42,54345.16,53556.89,54259.48,47.67
2024-01-21 12:00:00+00:00,54543.04,54570.74,53717.68,54083.2,55.87
2024-01-21 13:00:00+00:00,54387.16,54509.74,54028.39,54165.86,44.67
2024-01-21 14:00:00+00:00,52918.52,53597.52,52781.52,53540.19,58.1
2024-01-21 15:00:00+00:00,54641.01,54661.07,54484.09,54583.44,15.49
2024-01-21 16:00:00+00:00,54180.95,54384.2,54113.37,54183.36,67.53
2024-01-21 17:00:00+00:00,54491.75,54551.56,54454.16,54464.9,50.79
2024-01-21 18:00:00+00:00,54039.41,54130.18,53343.91,54052.35,25.63
2024-01-21 19:00:00+00:00,54087.0,54155.44,54023.95,54143.96,46.7
2024-01-21 20:00:00+00:00,54097.22,54270.17,53717.33,54012.8,55.1
2024-01-21 21:00:00+00:00,53828.38,53976.53,53759.08,53886.57,32.77
2024-01-21 22:00:00+00:00,53063.58,53171.96,53041.36,53072.52,21.23
2024-01-21 23:00:00+00:00,53242.48,54019.12,53162.75,53711.85,34.43
2024-01-22 00:00:00+00:00,54899.14,55170.63,54645.77,54856.48,108.61
2024-01-22 01:00:00+00:00,54833.96,55189.34,54767.72,55062.04,95.19
2024-01-22 02:00:00+00:00,55610.38,55824.29,55560.2,55672.4,36.97
2024-01-22 03:00:00+00:00,56477.93,56804.3,56350.05,56377.83,30.53
2024-01-22 04:00:00+00:00,57133.37,57175.36,57077.3,57168.23,57.72
2024-01-22 05:00:00+00:00,57338.09,57574.19,57239.51,57434.09,70.26
2024-01-22 06:00:00+00:00,57397.86,57827.54,57290.66,57622.69,65.1
2024-01-22 07:00:00+00:00,58394.62,58404.01,58343.91,58375.25,59.98
2024-01-22 08:00:00+00:00,58352.65,58546.8,58166.78,58441.36,44.2
2024-01-22 09:00:00+00:00,57667.68,57700.18,57416.35,57593.45,45.62
2024-01-22 10:00:00+00:00,57507.31,57833.22,57390.83,57619.81,32.52
2024-01-22 11:00:00+00:00,56023.39,56037.09,55981.8,55993.42,58.86
2024-01-22 12:00:00+00:00,55946.71,56052.8,55891.12,55994.06,1.0
2024-01-22 13:00:00+00:00,56460.79,56539.63,56044.41,56346.86,33.03
2024-01-22 14:00:00+00:00,57337.64,57521.7,57125.43,57397.15,69.02
2024-01-22 15:00:00+00:00,57330.46,57775.44,57292.32,57533.13,30.75
2024-01-22 16:00:00+00:00,58397.91,58718.1,58075.02,58339.87,86.39
2024-01-22 17:00:00+00:00,58225.06,58651.87,58166.71,58345.23,18.75
2024-01-22 18:00:00+00:00,57460.44,57463.33,57278.52,57455.34,94.76
2024-01-22 19:00:00+00:00,56330.21,56333.68,56037.61,56244.72,68.69
2024-01-22 20:00:00+00:00,55840.81,56307.14,55056.15,55432.2,59.74
2024-01-22 21:00:00+00:00,53838.47,54482.91,53792.18,54301.82,20.55
2024-01-22 22:00:00+00:00,54771.85,55033.87,54645.05,54823.42,45.46
2024-01-22 23:00:00+00:00,54717.35,54956.63,54321.83,54658.17,18.63
2024-01-23 00:00:00+00:00,55225.41,55415.87,55090.6,55131.22,69.87
2024-01-23 01:00:00+00:00,55467.6,55492.31,55163.05,55197.46,1.0
2024-01-23 02:00:00+00:00,56066.15,56186.87,56017.77,56067.41,27.62
2024-01-23 03:00:00+00:00,56870.83,57022.71,56727.47,56964.65,63.05
2024-01-23 04:00:00+00:00,56399.84,56479.32,56369.63,56418.93,71.18
2024-01-23 05:00:00+00:00,56458.4,56494.81,56165.03,56192.42,43.4
2024-01-23 06:00:00+00:00,55778.44,55849.52,55569.95,55748.93,96.85
2024-01-23 07:00:00+00:00,54135.81,54675.44,53901.17,54398.71,55.85
2024-01-23 08:00:00+00:00,54901.93,55015.68,54641.28,54955.11,91.1
2024-01-23 09:00:00+00:00,55805.3,56266.84,55438.05,55940.56,100.55
2024-01-23 10:00:00+00:00,55868.25,56042.4,55743.81,55940.76,40.16
2024-01-23 11:00:00+00:00,55605.48,55674.46,55408.19,55532.51,95.23
2024-01-23 12:00:00+00:00,56373.21,56480.58,55880.66,56446.77,35.36
2024-01-23 13:00:00+00:00,54364.16,54482.29,54345.62,54466.94,77.56
2024-01-23 14:00:00+00:00,54188.46,54951.18,54165.72,54617.38,66.64
2024-01-23 15:00:00+00:00,54902.87,55224.88,54632.46,54740.23,33.82
2024-01-23 16:00:00+00:00,54226.46,54645.83,54068.21,54276.97,63.21
2024-01-23 17:00:00+00:00,55333.26,55709.57,55321.4,55415.35,40.33
2024-01-23 18:00:00+00:00,56051.45,56490.45,55956.65,56227.8,72.83
2024-01-23 19:00:00+00:00,56244.94,56283.85,55914.99,56013.16,62.1
2024-01-23 20:00:00+00:00,55641.13,55948.71,55518.48,55945.92,38.72
2024-01-23 21:00:00+00:00,55626.4,55734.35,54978.89,55625.89,21.62
2024-01-23 22:00:00+00:00,55028.68,55453.79,54872.17,55204.14,45.76
2024-01-23 23:00:00+00:00,54039.94,54155.72,54038.9,54126.39,8.06
2024-01-24 00:00:00+00:00,55371.88,55590.98,55041.67,55252.18,69.04
2024-01-24 01:00:00+00:00,56118.01,56121.07,56028.43,56109.69,29.92
2024-01-24 02:00:00+00:00,56711.87,56973.14,56554.11,56787.08,38.93
2024-01-24 03:00:00+00:00,55931.18,56033.79,55449.74,55860.6,57.81
2024-01-24 04:00:00+00:00,57625.03,57716.59,57529.15,57609.74,24.81
2024-01-24 05:00:00+00:00,59505.24,59813.32,59025.29,59326.65,75.65
2024-01-24 06:00:00+00:00,59375.57,59542.62,59364.18,59499.94,85.67
2024-01-24 07:00:00+00:00,58678.16,58729.55,58551.68,58698.87,35.13
2024-01-24 08:00:00+00:00,57840.54,58132.24,57789.09,57941.86,55.2
2024-01-24 09:00:00+00:00,58613.16,58933.73,58132.25,58311.43,7.68
2024-01-24 10:00:00+00:00,57583.27,57750.32,57150.96,57518.67,1.59
2024-01-24 11:00:00+00:00,57803.86,58318.52,57477.19,57494.91,75.99
2024-01-24 12:00:00+00:00,58652.21,58886.81,58338.61,58439.53,64.84
2024-01-24 13:00:00+00:00,57446.97,57552.07,57063.47,57124.51,80.46
2024-01-24 14:00:00+00:00,58914.44,59214.53,58605.45,58848.86,77.04
2024-01-24 15:00:00+00:00,60161.61,60714.3,60101.83,60237.73,38.93
2024-01-24 16:00:00+00:00,59222.7,59284.68,58961.27,59125.97,51.29
2024-01-24 17:00:00+00:00,57792.65,58061.56,57766.28,57878.14,29.56
2024-01-24 18:00:00+00:00,57467.45,57930.21,57262.36,57637.86,55.32
2024-01-24 19:00:00+00:00,56960.32,56999.46,56736.44,56752.14,70.82
2024-01-24 20:00:00+00:00,56815.15,57090.77,56428.92,56533.31,59.03
2024-01-24 21:00:00+00:00,54348.6,54385.93,54104.15,54350.12,31.14
2024-01-24 22:00:00+00:00,54032.19,54336.94,54014.78,54169.1,58.28
2024-01-24 23:00:00+00:00,55669.94,55759.35,55551.72,55639.41,74.41
2024-01-25 00:00:00+00:00,54678.27,54965.05,54545.55,54713.07,40.7
2024-01-25 01:00:00+00:00,54260.44,54956.86,54110.84,54494.44,52.75
2024-01-25 02:00:00+00:00,53272.88,53299.44,53262.88,53282.25,51.07
2024-01-25 03:00:00+00:00,53915.49,53960.74,53769.33,53797.68,21.13
2024-01-25 04:00:00+00:00,53749.48,53936.2,53426.75,53621.24,1.0
2024-01-25 05:00:00+00:00,55223.43,55595.7,55130.7,55187.57,54.64
2024-01-25 06:00:00+00:00,55352.2,55396.88,55330.96,55364.31,58.12
2024-01-25 07:00:00+00:00,54970.41,55215.86,54889.1,55060.77,18.56
2024-01-25 08:00:00+00:00,55323.83,55609.37,55281.57,55520.75,25.21
2024-01-25 09:00:00+00:00,54998.4,55350.08,54848.97,55104.71,90.4
2024-01-25 10:00:00+00:00,53899.03,54113.71,53581.83,54003.19,22.57
2024-01-25 11:00:00+00:00,54664.34,54736.5,54004.76,54253.18,49.35
2024-01-25 12:00:00+00:00,54214.34,54227.11,53981.05,54116.3,72.13
2024-01-25 13:00:00+00:00,54223.14,54392.26,54197.6,54256.71,89.92
2024-01-25 14:00:00+00:00,54272.72,54604.08,54205.34,54567.7,25.76
2024-01-25 15:00:00+00:00,53829.25,54447.38,53616.8,54155.46,61.89
2024-01-25 16:00:00+00:00,54586.76,54587.3,54484.71,54503.33,30.88
2024-01-25 17:00:00+00:00,55826.22,56275.91,55504.88,55929.44,54.73
2024-01-25 18:00:00+00:00,55001.2,55258.43,54769.03,55005.65,72.03
2024-01-25 19:00:00+00:00,56625.61,56801.58,56281.48,56444.67,34.55
2024-01-25 20:00:00+00:00,56240.34,56361.33,56054.53,56244.74,80.67
2024-01-25 21:00:00+00:00,55341.57,56001.28,55253.53,55603.59,74.39
2024-01-25 22:00:00+00:00,57582.17,57736.6,57543.89,57633.58,56.06
2024-01-25 23:00:00+00:00,57867.37,57987.88,57581.53,57773.36,47.57
2024-01-26 00:00:00+00:00,58937.99,58990.23,58886.5,58966.73,65.28
2024-01-26 01:00:00+00:00,60142.16,60365.64,59685.07,59695.79,51.62
2024-01-26 02:00:00+00:00,58404.09,58657.57,57891.71,58196.89,56.43
2024-01-26 03:00:00+00:00,57899.5,58410.27,57841.93,58308.18,47.05
2024-01-26 04:00:00+00:00,57859.86,57862.32,57644.95,57854.56,42.04
2024-01-26 05:00:00+00:00,56571.25,56999.48,56553.66,56695.91,59.09
2024-01-26 06:00:00+00:00,54903.86,55320.0,54714.52,55194.85,49.2
2024-01-26 07:00:00+00:00,55389.37,55408.24,55280.69,55285.06,42.35
2024-01-26 08:00:00+00:00,55717.92,55868.39,55634.18,55780.07,17.77
2024-01-26 09:00:00+00:00,56217.58,56261.75,56022.99,56112.52,42.36
2024-01-26 10:00:00+00:00,55962.36,55976.44,55602.82,55860.72,46.62
2024-01-26 11:00:00+00:00,55269.56,55467.11,54904.53,55197.22,13.83
2024-01-26 12:00:00+00:00,54373.87,54424.35,54258.2,54385.66,105.73
2024-01-26 13:00:00+00:00,54013.64,54170.35,53787.42,53938.2,71.84
2024-01-26 14:00:00+00:00,52821.19,53236.78,52729.18,53107.78,32.85
2024-01-26 15:00:00+00:00,53030.76,53122.25,52555.6,52951.16,56.84
2024-01-26 16:00:00+00:00,53063.55,53076.4,52915.01,52938.27,69.52
2024-01-26 17:00:00+00:00,52153.42,52407.24,52037.11,52232.09,55.55
2024-01-26 18:00:00+00:00,52052.79,52165.83,51679.56,52055.5,21.41
2024-01-26 19:00:00+00:00,51268.0,51620.83,51087.61,51467.03,44.85
2024-01-26 20:00:00+00:00,51454.08,51864.17,51410.91,51468.72,40.04
2024-01-26 21:00:00+00:00,51793.9,52032.01,51644.91,51865.35,80.96
2024-01-26 22:00:00+00:00,52179.96,52185.55,51727.34,52009.12,83.81
2024-01-26 23:00:00+00:00,52448.74,52509.1,52101.6,52382.66,90.52
2024-01-27 00:00:00+00:00,51086.16,51158.56,51016.13,51089.85,53.79
2024-01-27 01:00:00+00:00,51175.98,51476.82,50633.37,50804.74,55.52
2024-01-27 02:00:00+00:00,51033.42,51174.01,50914.1,51020.72,58.63
2024-01-27 03:00:00+00:00,51394.73,51782.91,51342.44,51516.51,28.66
2024-01-27 04:00:00+00:00,50318.95,50652.77,50280.77,50286.81,22.81
2024-01-27 05:00:00+00:00,50470.08,50580.27,50301.86,50411.9,50.01
2024-01-27 06:00:00+00:00,51337.56,51489.56,51180.4,51329.22,59.99
2024-01-27 07:00:00+00:00,50997.85,51564.82,50965.31,51196.83,42.71
2024-01-27 08:00:00+00:00,51033.87,51176.84,50851.81,51129.18,29.34
2024-01-27 09:00:00+00:00,51303.2,51678.92,51254.85,51479.76,16.9
2024-01-27 10:00:00+00:00,51559.09,51686.44,51493.09,51675.74,81.07
2024-01-27 11:00:00+00:00,52594.21,52794.93,52121.15,52203.84,79.32
2024-01-27 12:00:00+00:00,52248.68,52415.83,52221.37,52265.76,41.73
2024-01-27 13:00:00+00:00,52238.59,52800.38,52108.91,52390.55,71.38
2024-01-27 14:00:00+00:00,51828.31,52015.09,51671.08,51780.89,57.79
2024-01-27 15:00:00+00:00,52011.17,52055.96,51445.43,51653.69,66.21
2024-01-27 16:00:00+00:00,52703.11,52813.03,52330.61,52629.78,15.11
2024-01-27 17:00:00+00:00,52464.51,52591.55,52338.08,52473.86,46.35
2024-01-27 18:00:00+00:00,52421.27,52427.53,52330.77,52346.43,65.2
2024-01-27 19:00:00+00:00,51529.38,52218.89,51380.88,51965.74,47.05
2024-01-27 20:00:00+00:00,52456.85,52959.49,52382.82,52584.54,24.26
2024-01-27 21:00:00+00:00,51863.48,52144.2,51688.0,51915.65,30.1
2024-01-27 22:00:00+00:00,53054.74,53210.61,52554.67,52629.88,40.49
2024-01-27 23:00:00+00:00,51740.84,52556.05,51615.38,51895.45,44.94
2024-01-28 00:00:00+00:00,51278.41,51415.46,50870.69,51077.23,38.24
2024-01-28 01:00:00+00:00,51578.65,51619.84,50981.11,51240.12,19.72
2024-01-28 02:00:00+00:00,51369.67,51460.95,51218.08,51345.3,44.2
2024-01-28 03:00:00+00:00,51609.6,51809.31,51238.58,51579.61,1.0
2024-01-28 04:00:00+00:00,52590.37,52706.53,52326.53,52406.85,44.56
2024-01-28 05:00:00+00:00,52077.29,52203.69,51909.29,52087.82,72.9
2024-01-28 06:00:00+00:00,52480.91,52574.71,52202.67,52439.15,61.14
2024-01-28 07:00:00+00:00,51693.12,51906.97,51458.91,51728.74,12.79
2024-01-28 08:00:00+00:00,52801.0,52856.79,52687.59,52710.95,62.89
2024-01-28 09:00:00+00:00,53234.86,53637.68,53100.19,53216.28,67.41
2024-01-28 10:00:00+00:00,53469.32,53868.69,53302.1,53649.87,50.14
2024-01-28 11:00:00+00:00,53859.8,53875.36,53757.45,53806.43,39.3
2024-01-28 12:00:00+00:00,53067.09,53212.85,52646.97,53177.76,32.93
2024-01-28 13:00:00+00:00,52870.79,52995.14,52820.59,52921.94,6.26
2024-01-28 14:00:00+00:00,53125.85,53637.34,52802.19,53325.56,115.7
2024-01-28 15:00:00+00:00,53190.16,53511.0,53185.95,53315.55,79.26
2024-01-28 16:00:00+00:00,53340.83,53422.98,53048.01,53419.85,82.24
2024-01-28 17:00:00+00:00,52445.66,52694.41,51988.48,52335.57,29.39
2024-01-28 18:00:00+00:00,52358.52,52493.56,52153.07,52482.97,60.56
2024-01-28 19:00:00+00:00,52380.93,52604.96,51899.02,51943.5,65.03
2024-01-28 20:00:00+00:00,51065.08,51165.51,50958.93,51104.61,31.04
2024-01-28 21:00:00+00:00,51048.47,51179.2,50864.97,50991.14,45.41
2024-01-28 22:00:00+00:00,49516.79,49583.26,49354.3,49576.26,58.13
2024-01-28 23:00:00+00:00,50209.81,50220.31,50065.04,50100.71,57.25
2024-01-29 00:00:00+00:00,50756.61,51025.35,50497.84,50746.01,28.87
2024-01-29 01:00:00+00:00,50696.86,50815.68,50663.35,50710.41,28.63
2024-01-29 02:00:00+00:00,49936.2,49997.45,49873.67,49959.56,23.2
2024-01-29 03:00:00+00:00,49174.21,49410.15,49110.22,49256.1,59.65
2024-01-29 04:00:00+00:00,49016.18,49263.78,48946.97,49149.37,50.51
2024-01-29 05:00:00+00:00,47644.79,47658.61,46926.27,47367.41,49.01
2024-01-29 06:00:00+00:00,47646.7,47852.98,47480.85,47500.38,78.46
2024-01-29 07:00:00+00:00,47966.75,48165.38,47539.68,47978.54,6.44
2024-01-29 08:00:00+00:00,47948.98,47987.96,47279.38,47758.87,26.51
2024-01-29 09:00:00+00:00,47550.11,47603.67,47302.59,47409.47,103.87
2024-01-29 10:00:00+00:00,47510.55,47846.44,47240.63,47543.61,101.43
2024-01-29 11:00:00+00:00,47924.99,47937.44,47696.98,47798.43,78.09
2024-01-29 12:00:00+00:00,48506.05,48889.19,48059.92,48587.69,59.19
2024-01-29 13:00:00+00:00,48582.37,48610.08,48404.93,48605.96,12.2
2024-01-29 14:00:00+00:00,48137.9,48208.07,48056.27,48107.92,30.0
2024-01-29 15:00:00+00:00,48363.68,48404.59,47725.54,47779.88,14.39
2024-01-29 16:00:00+00:00,47841.45,47917.76,47776.65,47915.06,44.74
2024-01-29 17:00:00+00:00,48907.76,49129.74,48627.44,49038.33,64.87
2024-01-29 18:00:00+00:00,48789.07,48963.95,48728.05,48807.65,23.11
2024-01-29 19:00:00+00:00,48176.32,48261.15,48001.49,48041.96,51.89
2024-01-29 20:00:00+00:00,47596.56,47751.21,47346.01,47419.74,51.24
2024-01-29 21:00:00+00:00,46214.13,46238.0,45906.28,45933.36,40.75
2024-01-29 22:00:00+00:00,46085.9,46484.11,45914.14,46165.19,86.43
2024-01-29 23:00:00+00:00,45287.57,45426.23,45017.53,45227.12,59.57
2024-01-30 00:00:00+00:00,44393.18,44665.27,44350.22,44394.82,15.4
2024-01-30 01:00:00+00:00,42669.59,43326.93,42558.94,43083.38,32.02
2024-01-30 02:00:00+00:00,42443.46,42572.26,41943.92,42365.19,46.87
2024-01-30 03:00:00+00:00,42729.61,42935.39,42472.88,42730.64,40.09
2024-01-30 04:00:00+00:00,41897.43,41909.43,41879.68,41894.39,1.0
2024-01-30 05:00:00+00:00,40891.4,40913.45,40684.92,40799.08,89.1
2024-01-30 06:00:00+00:00,40925.96,41029.61,40736.86,40912.25,35.24
2024-01-30 07:00:00+00:00,40652.03,40716.47,40636.48,40706.97,96.64
2024-01-30 08:00:00+00:00,41056.52,41128.52,40641.21,40974.94,84.52
2024-01-30 09:00:00+00:00,41542.97,41820.75,41203.93,41434.2,49.01
2024-01-30 10:00:00+00:00,41367.48,41452.61,41358.21,41433.07,45.59
2024-01-30 11:00:00+00:00,40764.91,40862.69,40578.89,40630.66,61.44
2024-01-30 12:00:00+00:00,40747.97,40787.3,40393.49,40559.27,38.69
2024-01-30 13:00:00+00:00,40932.62,41071.35,40737.73,40867.68,35.74
2024-01-30 14:00:00+00:00,40517.5,40691.14,40437.16,40514.38,47.78
2024-01-30 15:00:00+00:00,39650.27,39653.36,39641.49,39644.86,67.69
2024-01-30 16:00:00+00:00,40221.73,40659.74,40153.78,40304.52,44.53
2024-01-30 17:00:00+00:00,40054.69,40465.9,39873.82,40057.51,55.45
2024-01-30 18:00:00+00:00,39871.26,39932.94,39776.14,39815.62,76.97
2024-01-30 19:00:00+00:00,39799.75,40159.39,39671.25,39829.14,73.96
2024-01-30 20:00:00+00:00,40404.51,40509.72,40395.93,40448.76,79.54
2024-01-30 21:00:00+00:00,40467.71,40640.97,40349.72,40612.75,56.43
2024-01-30 22:00:00+00:00,40512.89,40785.03,40178.12,40413.82,1.0
2024-01-30 23:00:00+00:00,40684.67,41032.47,40484.05,40831.37,57.53
2024-01-31 00:00:00+00:00,42099.47,42210.95,41793.06,42150.45,42.88
2024-01-31 01:00:00+00:00,43041.44,43264.7,42816.22,43032.1,48.36
2024-01-31 02:00:00+00:00,43578.55,43690.76,43110.76,43470.73,38.65
2024-01-31 03:00:00+00:00,42568.45,42827.81,42511.84,42743.28,47.59
2024-01-31 04:00:00+00:00,45453.96,45467.48,45048.24,45153.18,47.46
2024-01-31 05:00:00+00:00,44419.23,44599.73,44247.43,44345.85,63.62
2024-01-31 06:00:00+00:00,44033.34,44298.43,44021.48,44102.97,64.64
2024-01-31 07:00:00+00:00,43766.77,44103.31,43486.22,43644.37,71.55
2024-01-31 08:00:00+00:00,44786.58,45315.01,44533.23,44713.8,41.3
2024-01-31 09:00:00+00:00,44918.09,45261.81,44795.24,45000.13,8.37
2024-01-31 10:00:00+00:00,44113.88,44172.16,44003.88,44041.32,25.88
2024-01-31 11:00:00+00:00,44228.13,44463.53,44086.1,44222.5,24.1
2024-01-31 12:00:00+00:00,44573.17,44814.07,44441.8,44589.7,69.47
2024-01-31 13:00:00+00:00,44326.61,44570.5,44080.92,44381.15,53.82
2024-01-31 14:00:00+00:00,43487.05,43657.5,43472.81,43573.28,39.31
2024-01-31 15:00:00+00:00,43165.03,43220.28,43024.83,43103.76,71.87
2024-01-31 16:00:00+00:00,42898.34,42939.68,42720.74,42825.62,44.68
2024-01-31 17:00:00+00:00,42760.9,43085.76,42698.44,42844.51,52.28
2024-01-31 18:00:00+00:00,42478.11,42537.32,42475.44,42514.66,36.73
2024-01-31 19:00:00+00:00,43002.41,43044.54,42946.04,42987.78,44.86
2024-01-31 20:00:00+00:00,42361.0,42533.32,42323.17,42379.53,82.66
2024-01-31 21:00:00+00:00,41324.91,41355.56,41246.27,41283.14,48.11
2024-01-31 22:00:00+00:00,40707.38,40917.17,40687.7,40829.4,1.0
2024-01-31 23:00:00+00:00,41815.5,41864.84,41573.98,41659.6,38.68
2024-02-01 00:00:00+00:00,41509.52,41601.75,41088.05,41305.61,65.23
2024-02-01 01:00:00+00:00,42837.37,43045.65,42728.8,42760.06,89.96
2024-02-01 02:00:00+00:00,43079.03,43355.23,42996.61,43079.58,40.99
2024-02-01 03:00:00+00:00,42303.86,42398.33,42207.74,42331.44,97.33
2024-02-01 04:00:00+00:00,41764.04,41910.12,41748.47,41805.93,15.87
2024-02-01 05:00:00+00:00,41807.81,42006.49,41606.47,41962.72,60.63
2024-02-01 06:00:00+00:00,41110.01,41400.58,41066.47,41225.66,12.69
2024-02-01 07:00:00+00:00,42752.33,42940.47,42404.1,42698.19,23.96
2024-02-01 08:00:00+00:00,42049.8,42268.21,42039.89,42067.82,32.26
2024-02-01 09:00:00+00:00,42437.69,42530.29,42380.63,42501.71,8.22
2024-02-01 10:00:00+00:00,43622.16,43739.56,43247.25,43436.83,46.27
2024-02-01 11:00:00+00:00,43265.29,43462.91,43205.42,43370.03,71.22
2024-02-01 12:00:00+00:00,42806.61,42836.85,42591.5,42726.51,36.41
2024-02-01 13:00:00+00:00,42558.76,42630.56,42460.42,42555.77,7.32
2024-02-01 14:00:00+00:00,42797.68,42810.22,42773.9,42791.24,41.7
2024-02-01 15:00:00+00:00,43443.04,43532.29,43276.13,43357.64,61.04
2024-02-01 16:00:00+00:00,43157.24,43408.6,42972.55,43398.86,36.66
2024-02-01 17:00:00+00:00,42456.07,42619.19,42341.2,42491.68,11.99
2024-02-01 18:00:00+00:00,42391.71,42574.33,42284.35,42522.91,32.0
2024-02-01 19:00:00+00:00,42116.24,42152.13,42030.26,42097.66,71.53
2024-02-01 20:00:00+00:00,40610.98,40758.93,40324.68,40723.24,49.63
2024-02-01 21:00:00+00:00,40318.76,40520.38,40263.72,40301.2,35.89
2024-02-01 22:00:00+00:00,39472.22,39584.68,39334.44,39439.29,37.21
2024-02-01 23:00:00+00:00,39519.9,40084.98,39516.9,39790.41,104.72
2024-02-02 00:00:00+00:00,41039.49,41051.25,40892.63,40954.78,41.64
2024-02-02 01:00:00+00:00,42087.29,42131.01,42085.58,42100.75,60.05
2024-02-02 02:00:00+00:00,41864.81,42193.06,41342.76,41742.97,10.92
2024-02-02 03:00:00+00:00,41416.17,41497.5,41045.08,41454.49,15.31
2024-02-02 04:00:00+00:00,41777.1,42030.14,41713.17,41886.93,25.08
2024-02-02 05:00:00+00:00,42744.91,42878.15,42545.45,42557.93,56.37
2024-02-02 06:00:00+00:00,42308.12,42447.65,42279.64,42294.87,68.02
2024-02-02 07:00:00+00:00,42243.17,42243.67,42085.08,42208.61,50.03
2024-02-02 08:00:00+00:00,43504.04,43647.83,43410.11,43610.1,24.12
2024-02-02 09:00:00+00:00,43550.25,43679.56,43537.44,43544.18,40.61
2024-02-02 10:00:00+00:00,43277.81,43319.01,42834.29,43231.54,12.85
2024-02-02 11:00:00+00:00,43362.51,43767.94,43264.59,43313.62,83.67
2024-02-02 12:00:00+00:00,43671.8,43952.94,43572.45,43694.59,40.1
2024-02-02 13:00:00+00:00,43074.07,43085.6,42867.99,43029.35,59.17
2024-02-02 14:00:00+00:00,42964.11,43048.74,42365.59,42873.33,62.64
2024-02-02 15:00:00+00:00,42188.42,42381.64,41939.32,42127.53,1.0
2024-02-02 16:00:00+00:00,41984.79,42000.09,41605.57,41955.9,23.14
2024-02-02 17:00:00+00:00,43110.07,43202.61,43097.89,43141.32,46.94
2024-02-02 18:00:00+00:00,43904.94,43907.31,43498.31,43625.62,41.99
2024-02-02 19:00:00+00:00,43536.88,43710.58,43351.32,43569.42,107.12
2024-02-02 20:00:00+00:00,43045.89,43369.06,42939.17,42963.95,81.21
2024-02-02 21:00:00+00:00,42929.48,42944.12,42730.83,42767.56,41.03
2024-02-02 22:00:00+00:00,43622.24,43646.6,43416.11,43445.89,42.75
2024-02-02 23:00:00+00:00,43246.35,43602.79,42891.33,43084.19,1.0
2024-02-03 00:00:00+00:00,44079.87,44137.5,43684.68,44025.85,54.51
2024-02-03 01:00:00+00:00,43144.45,43262.96,43122.55,43123.12,84.71
2024-02-03 02:00:00+00:00,43098.25,43318.12,42639.89,42939.82,32.15
2024-02-03 03:00:00+00:00,44054.06,44326.7,44042.03,44066.62,18.91
2024-02-03 04:00:00+00:00,42872.68,43039.59,42710.81,42743.85,103.08
2024-02-03 05:00:00+00:00,43549.35,43552.69,43338.49,43510.09,28.67
2024-02-03 06:00:00+00:00,42271.84,42454.35,42219.74,42306.13,42.61
2024-02-03 07:00:00+00:00,42237.14,42285.86,42179.78,42253.2,22.84
2024-02-03 08:00:00+00:00,42291.72,42358.87,42144.79,42148.07,81.16
2024-02-03 09:00:00+00:00,43008.55,43193.8,42597.74,42673.42,23.7
2024-02-03 10:00:00+00:00,40735.15,40797.94,40648.08,40658.46,34.28
2024-02-03 11:00:00+00:00,39538.72,39734.92,39477.73,39492.9,81.47
2024-02-03 12:00:00+00:00,39228.05,39427.02,39113.23,39161.55,32.81
2024-02-03 13:00:00+00:00,39179.63,39188.18,39129.51,39187.13,27.02
2024-02-03 14:00:00+00:00,38565.01,38688.55,38546.36,38666.01,34.0
2024-02-03 15:00:00+00:00,38462.24,38605.5,38418.03,38541.78,61.64
2024-02-03 16:00:00+00:00,37819.08,38028.69,37783.29,37859.88,63.76
2024-02-03 17:00:00+00:00,37629.25,37662.97,37595.58,37635.78,35.36
2024-02-03 18:00:00+00:00,37343.49,37522.92,37151.43,37161.51,41.93
2024-02-03 19:00:00+00:00,37451.83,37622.85,37227.13,37301.25,80.55
2024-02-03 20:00:00+00:00,37482.78,37861.73,37458.58,37630.3,61.1
2024-02-03 21:00:00+00:00,38414.47,38644.24,38298.91,38442.88,30.09
2024-02-03 22:00:00+00:00,38201.46,38224.89,37881.13,38068.21,49.76
2024-02-03 23:00:00+00:00,37916.75,37928.31,37614.87,37890.44,84.68
2024-02-04 00:00:00+00:00,37889.49,37999.65,37685.68,37921.36,69.87
2024-02-04 01:00:00+00:00,37811.18,38049.82,37584.19,37757.4,79.53
2024-02-04 02:00:00+00:00,37500.22,37765.22,37337.06,37731.73,41.96
2024-02-04 03:00:00+00:00,37043.02,37104.95,36782.86,36851.34,61.96
2024-02-04 04:00:00+00:00,37042.97,37197.14,36837.25,37060.52,55.6
2024-02-04 05:00:00+00:00,36526.39,36612.65,36486.38,36555.47,65.31
2024-02-04 06:00:00+00:00,36009.12,36070.92,35897.01,36034.39,46.39
2024-02-04 07:00:00+00:00,35245.67,35368.74,35070.82,35179.59,31.97
2024-02-04 08:00:00+00:00,35796.53,35976.47,35755.99,35795.76,89.9
2024-02-04 09:00:00+00:00,35686.37,35765.52,35501.09,35723.84,1.0
2024-02-04 10:00:00+00:00,36305.8,36439.59,36290.43,36343.38,97.28
2024-02-04 11:00:00+00:00,36529.25,36641.7,36455.21,36495.46,48.27
2024-02-04 12:00:00+00:00,35514.02,35573.61,35492.81,35566.63,70.44
2024-02-04 13:00:00+00:00,34959.11,35203.35,34878.82,34992.04,35.82
2024-02-04 14:00:00+00:00,35189.51,35446.28,35150.71,35393.36,53.18
2024-02-04 15:00:00+00:00,34880.95,35026.17,34810.96,34990.4,7.53
2024-02-04 16:00:00+00:00,34639.43,34883.82,34351.85,34421.62,46.19
2024-02-04 17:00:00+00:00,34150.58,34516.84,34071.79,34332.45,42.65
2024-02-04 18:00:00+00:00,34319.82,34442.5,34105.61,34244.75,21.99
2024-02-04 19:00:00+00:00,33695.66,33808.74,33635.53,33728.4,33.46
2024-02-04 20:00:00+00:00,33654.9,33860.73,33491.95,33566.77,37.1
2024-02-04 21:00:00+00:00,33407.79,33425.75,33328.46,33329.21,50.32
2024-02-04 22:00:00+00:00,32013.8,32122.6,31917.62,32037.7,106.4
2024-02-04 23:00:00+00:00,32110.55,32301.52,32108.79,32282.47,40.69
2024-02-05 00:00:00+00:00,31877.41,32013.09,31836.6,31892.8,74.16
2024-02-05 01:00:00+00:00,32415.55,32527.15,32342.76,32520.02,66.88
2024-02-05 02:00:00+00:00,31878.69,32097.66,31738.85,31962.24,35.9
2024-02-05 03:00:00+00:00,31248.61,31292.49,31106.16,31208.13,58.68
2024-02-05 04:00:00+00:00,31885.12,32010.64,31612.62,31767.2,41.09
2024-02-05 05:00:00+00:00,31219.62,31264.65,30957.29,31015.09,25.94
2024-02-05 06:00:00+00:00,30713.53,30774.56,30606.48,30722.22,35.28
2024-02-05 07:00:00+00:00,30931.89,31083.85,30928.89,31000.57,38.76
2024-02-05 08:00:00+00:00,30836.48,31032.05,30791.81,30850.38,65.85
2024-02-05 09:00:00+00:00,30063.66,30158.79,30034.79,30087.39,10.67
2024-02-05 10:00:00+00:00,30116.42,30278.1,30032.43,30175.26,33.09
2024-02-05 11:00:00+00:00,30252.96,30340.09,29922.39,30090.32,49.64
2024-02-05 12:00:00+00:00,30796.11,30815.52,30414.16,30672.8,90.57
2024-02-05 13:00:00+00:00,30837.49,31038.96,30789.55,30946.7,62.22
2024-02-05 14:00:00+00:00,32450.38,32521.24,32108.67,32358.98,80.8
2024-02-05 15:00:00+00:00,31645.22,31750.44,31561.55,31563.32,92.94
2024-02-05 16:00:00+00:00,31535.55,31559.42,31515.14,31556.21,53.99
2024-02-05 17:00:00+00:00,31126.15,31241.27,30879.88,31054.48,46.83
2024-02-05 18:00:00+00:00,31581.03,31648.57,31466.42,31595.48,106.8
2024-02-05 19:00:00+00:00,32007.32,32086.78,31866.95,31988.14,47.49
2024-02-05 20:00:00+00:00,32401.88,32460.22,32032.38,32353.14,52.46
2024-02-05 21:00:00+00:00,31912.83,32055.82,31884.09,31979.14,33.58
2024-02-05 22:00:00+00:00,31618.58,31637.93,31546.14,31624.9,57.31
2024-02-05 23:00:00+00:00,30652.06,30667.75,30628.88,30665.24,22.23
2024-02-06 00:00:00+00:00,31420.59,31501.69,31405.41,31454.64,79.14
2024-02-06 01:00:00+00:00,31588.75,31817.12,31207.92,31697.57,14.16
2024-02-06 02:00:00+00:00,31699.99,31787.97,31493.41,31576.71,53.34
2024-02-06 03:00:00+00:00,32074.89,32102.26,31972.83,32022.03,120.29
2024-02-06 04:00:00+00:00,32226.99,32398.24,32093.14,32385.92,63.41
2024-02-06 05:00:00+00:00,33068.72,33098.19,32807.37,32862.93,60.46
2024-02-06 06:00:00+00:00,32105.19,32237.16,32050.04,32065.9,44.7
2024-02-06 07:00:00+00:00,31781.78,31823.03,31668.91,31725.76,71.3
2024-02-06 08:00:00+00:00,31840.09,31869.51,31525.53,31821.94,41.1
2024-02-06 09:00:00+00:00,31944.68,32015.08,31919.51,31994.78,67.31
2024-02-06 10:00:00+00:00,32458.36,32461.51,32452.81,32457.37,38.39
2024-02-06 11:00:00+00:00,31954.2,32040.1,31656.57,31969.55,55.78
2024-02-06 12:00:00+00:00,31958.38,32051.77,31778.46,32033.75,25.98
2024-02-06 13:00:00+00:00,33032.45,33136.35,32904.71,33096.64,45.58
2024-02-06 14:00:00+00:00,33480.62,33555.36,33347.23,33443.46,73.39
2024-02-06 15:00:00+00:00,33644.89,34015.42,33589.63,33883.52,69.31
2024-02-06 16:00:00+00:00,33874.04,33956.87,33795.92,33877.16,76.46
2024-02-06 17:00:00+00:00,34277.36,34400.24,34141.1,34270.62,18.63
2024-02-06 18:00:00+00:00,35134.56,35242.16,35072.35,35201.41,42.46
2024-02-06 19:00:00+00:00,35226.2,35302.99,35152.0,35261.23,42.74
2024-02-06 20:00:00+00:00,35948.02,35968.56,35865.34,35912.15,79.65
2024-02-06 21:00:00+00:00,35368.08,35528.61,35274.18,35444.31,40.19
2024-02-06 22:00:00+00:00,35548.19,35847.61,35439.78,35761.59,59.24
2024-02-06 23:00:00+00:00,36261.31,36267.71,36105.35,36250.21,106.72
2024-02-07 00:00:00+00:00,35893.13,36081.0,35679.86,35844.93,61.34
2024-02-07 01:00:00+00:00,36474.31,36645.72,36436.97,36438.95,85.03
2024-02-07 02:00:00+00:00,35906.5,36074.46,35886.69,36073.52,34.84
2024-02-07 03:00:00+00:00,35724.84,35769.74,35386.58,35641.41,59.49
2024-02-07 04:00:00+00:00,35608.58,35700.45,35546.93,35644.33,42.33
2024-02-07 05:00:00+00:00,36584.69,36772.63,36482.46,36680.87,49.73
2024-02-07 06:00:00+00:00,36575.76,37081.03,36332.87,36854.63,20.58
2024-02-07 07:00:00+00:00,37408.38,37604.84,37103.13,37375.64,66.99
2024-02-07 08:00:00+00:00,37048.07,37087.4,36919.55,36969.11,67.12
2024-02-07 09:00:00+00:00,36922.92,37079.2,36819.99,37015.78,43.5
2024-02-07 10:00:00+00:00,36204.61,36443.15,35853.04,36366.21,1.0
2024-02-07 11:00:00+00:00,36034.37,36121.41,36009.55,36058.31,70.02
2024-02-07 12:00:00+00:00,36527.91,36537.47,36483.78,36513.9,42.57
2024-02-07 13:00:00+00:00,36606.41,36632.77,36276.97,36496.52,39.46
2024-02-07 14:00:00+00:00,37277.51,37323.82,37251.95,37294.68,65.43
2024-02-07 15:00:00+00:00,37273.13,37321.05,37067.39,37185.17,41.01
2024-02-07 16:00:00+00:00,37214.15,37235.44,36976.22,37078.48,46.04
2024-02-07 17:00:00+00:00,38035.84,38093.8,37761.24,37792.25,35.15
2024-02-07 18:00:00+00:00,37489.77,37519.2,37200.56,37428.34,32.54
2024-02-07 19:00:00+00:00,36559.09,36665.93,36549.99,36578.85,17.48
2024-02-07 20:00:00+00:00,37329.23,37597.08,37186.31,37296.5,60.63
2024-02-07 21:00:00+00:00,37374.58,37709.66,37276.34,37531.94,12.73
2024-02-07 22:00:00+00:00,36118.67,36458.17,36114.74,36316.74,54.21
2024-02-07 23:00:00+00:00,36431.36,36520.42,36326.84,36344.63,56.83
2024-02-08 00:00:00+00:00,36021.64,36254.03,35955.79,36128.13,88.52
2024-02-08 01:00:00+00:00,37069.41,37171.15,36919.85,37077.31,66.93
2024-02-08 02:00:00+00:00,36710.48,36805.48,36671.72,36675.58,39.52
2024-02-08 03:00:00+00:00,36167.28,36419.41,36154.21,36359.75,66.13
2024-02-08 04:00:00+00:00,35875.14,35927.81,35822.09,35866.85,51.97
2024-02-08 05:00:00+00:00,35271.76,35395.61,35153.78,35303.36,73.99
2024-02-08 06:00:00+00:00,34940.69,35002.45,34841.62,34935.94,48.31
2024-02-08 07:00:00+00:00,34048.02,34314.96,33920.42,34186.95,68.84
2024-02-08 08:00:00+00:00,33694.11,33726.36,33628.11,33661.57,29.48
2024-02-08 09:00:00+00:00,32762.91,32923.98,32758.91,32853.73,80.3
2024-02-08 10:00:00+00:00,32046.23,32279.91,31671.02,32119.15,76.96
2024-02-08 11:00:00+00:00,31374.24,31381.4,31341.99,31370.93,56.01
2024-02-08 12:00:00+00:00,31129.63,31175.65,30985.69,31128.83,57.35
2024-02-08 13:00:00+00:00,30842.45,30872.78,30458.76,30812.7,70.49
2024-02-08 14:00:00+00:00,30048.64,30439.09,30043.2,30248.92,45.8
2024-02-08 15:00:00+00:00,30458.88,30538.39,30437.87,30468.95,51.66
2024-02-08 16:00:00+00:00,30490.7,30549.9,30425.72,30450.03,48.44
2024-02-08 17:00:00+00:00,30373.85,30429.29,30245.26,30255.77,36.31
2024-02-08 18:00:00+00:00,30171.49,30245.62,30025.32,30048.23,64.71
2024-02-08 19:00:00+00:00,30762.86,30794.55,30711.6,30769.18,93.11
2024-02-08 20:00:00+00:00,30811.6,31095.73,30809.21,30882.94,34.78
2024-02-08 21:00:00+00:00,31156.56,31185.93,30969.53,31106.24,20.57
2024-02-08 22:00:00+00:00,30083.91,30201.12,29866.78,29902.72,52.89
2024-02-08 23:00:00+00:00,29611.96,29756.42,29545.39,29612.49,48.32
2024-02-09 00:00:00+00:00,28566.53,28769.25,28520.08,28651.12,22.33
2024-02-09 01:00:00+00:00,28450.99,28471.46,28444.26,28470.81,47.67
2024-02-09 02:00:00+00:00,28668.58,28759.87,28609.38,28633.09,62.73
2024-02-09 03:00:00+00:00,28281.49,28455.44,28227.7,28346.34,78.09
2024-02-09 04:00:00+00:00,28700.89,28736.61,28546.72,28569.69,13.87
2024-02-09 05:00:00+00:00,27946.69,28339.57,27934.76,28134.25,20.82
2024-02-09 06:00:00+00:00,28363.46,28488.34,28341.12,28380.06,79.2
2024-02-09 07:00:00+00:00,27834.22,27843.59,27605.67,27721.52,62.86
2024-02-09 08:00:00+00:00,27551.89,27762.68,27489.84,27615.48,50.87
2024-02-09 09:00:00+00:00,27617.52,27872.0,27492.58,27792.14,39.91
2024-02-09 10:00:00+00:00,28009.54,28110.35,27993.33,28018.33,6.65
2024-02-09 11:00:00+00:00,27990.07,28032.12,27889.52,27967.65,33.66
2024-02-09 12:00:00+00:00,28860.53,28860.91,28772.62,28784.19,63.84
2024-02-09 13:00:00+00:00,28413.12,28620.28,28316.75,28608.13,27.21
2024-02-09 14:00:00+00:00,28348.22,28741.42,28295.42,28417.46,28.8
2024-02-09 15:00:00+00:00,27464.83,27499.44,27210.74,27244.03,7.87
2024-02-09 16:00:00+00:00,27983.11,28093.11,27895.63,27969.65,98.46
2024-02-09 17:00:00+00:00,27888.02,27936.79,27716.02,27817.63,41.86
2024-02-09 18:00:00+00:00,27368.97,27398.12,27275.41,27329.71,34.98
2024-02-09 19:00:00+00:00,27819.67,27944.98,27781.77,27873.94,42.59
2024-02-09 20:00:00+00:00,28390.06,28444.66,28269.59,28393.3,20.78
2024-02-09 21:00:00+00:00,28340.32,28466.89,28264.72,28442.28,25.88
2024-02-09 22:00:00+00:00,27734.44,27929.8,27703.29,27832.93,52.23
2024-02-09 23:00:00+00:00,28018.08,28044.23,28008.42,28010.64,45.67
2024-02-10 00:00:00+00:00,27943.93,27947.62,27633.61,27752.35,50.45
2024-02-10 01:00:00+00:00,27264.11,27318.13,26911.55,27267.76,17.8
2024-02-10 02:00:00+00:00,27749.09,27819.75,27689.49,27697.24,50.51
2024-02-10 03:00:00+00:00,26735.15,26950.57,26602.91,26814.0,60.59
2024-02-10 04:00:00+00:00,27053.76,27116.39,26873.19,27044.8,24.63
2024-02-10 05:00:00+00:00,27200.4,27326.24,27063.71,27233.86,19.07
2024-02-10 06:00:00+00:00,28009.69,28325.32,27995.71,28074.43,80.22
2024-02-10 07:00:00+00:00,28136.06,28218.64,28031.93,28214.18,74.85
2024-02-10 08:00:00+00:00,27336.75,27537.83,27326.32,27345.84,43.56
2024-02-10 09:00:00+00:00,27020.45,27137.13,26920.51,27005.61,94.15
2024-02-10 10:00:00+00:00,26961.03,27199.13,26947.3,27034.51,36.23
2024-02-10 11:00:00+00:00,27167.31,27189.41,27109.71,27181.4,25.97
2024-02-10 12:00:00+00:00,27744.52,27765.51,27427.67,27584.02,45.52
2024-02-10 13:00:00+00:00,26685.07,26844.03,26650.44,26775.94,64.15
2024-02-10 14:00:00+00:00,26591.67,26823.52,26533.0,26646.1,31.8
2024-02-10 15:00:00+00:00,27037.87,27065.21,26930.87,27036.41,1.0
2024-02-10 16:00:00+00:00,27605.17,27679.28,27595.62,27665.26,27.45
2024-02-10 17:00:00+00:00,28444.78,28482.53,28301.88,28440.31,46.33
2024-02-10 18:00:00+00:00,28391.54,28621.55,28251.36,28276.69,18.72
2024-02-10 19:00:00+00:00,28801.76,28912.63,28586.99,28745.06,33.09
2024-02-10 20:00:00+00:00,29319.72,29660.51,29245.49,29485.99,43.84
2024-02-10 21:00:00+00:00,30034.77,30170.96,29925.02,30018.83,89.82
2024-02-10 22:00:00+00:00,30307.67,30400.86,30293.55,30347.7,60.19
2024-02-10 23:00:00+00:00,30902.55,30932.69,30724.23,30727.56,77.69
2024-02-11 00:00:00+00:00,30379.9,30382.26,30362.16,30366.56,52.54
2024-02-11 01:00:00+00:00,29587.17,29907.87,29559.51,29710.38,53.9
2024-02-11 02:00:00+00:00,30171.27,30242.69,30084.91,30151.36,26.69
2024-02-11 03:00:00+00:00,29998.39,30128.32,29975.77,29997.41,42.95
2024-02-11 04:00:00+00:00,30002.82,30011.17,29954.08,29987.75,26.24
2024-02-11 05:00:00+00:00,29647.18,29976.35,29630.21,29730.43,103.66
2024-02-11 06:00:00+00:00,29597.01,29638.47,29512.03,29558.18,20.63
2024-02-11 07:00:00+00:00,29512.7,29810.53,29448.46,29664.33,25.28
2024-02-11 08:00:00+00:00,29380.92,29397.21,29159.4,29212.61,67.58
2024-02-11 09:00:00+00:00,29159.94,29313.66,29148.78,29245.55,67.94
2024-02-11 10:00:00+00:00,29347.32,29523.01,29274.57,29356.41,75.55
2024-02-11 11:00:00+00:00,29400.9,29494.26,29297.86,29325.28,80.23
2024-02-11 12:00:00+00:00,28840.85,29067.72,28813.01,29001.11,45.53
2024-02-11 13:00:00+00:00,29434.98,29551.15,29178.04,29346.2,47.69
2024-02-11 14:00:00+00:00,30162.47,30577.74,29995.16,30173.46,33.1
2024-02-11 15:00:00+00:00,29622.86,29986.76,29423.58,29904.35,37.07
